,fecha,valorobservado
0,2018-01-01,18.610416666666666
1,2018-01-02,18.683333333333334
2,2018-01-03,19.962500000000002
3,2018-01-04,19.46875
4,2018-01-05,18.760416666666668
5,2018-01-06,19.758333333333333
6,2018-01-07,19.108333333333334
7,2018-01-08,19.775000000000002
8,2018-01-09,17.277083333333334
9,2018-01-10,18.777083333333334
10,2018-01-11,19.408333333333335
11,2018-01-12,19.10625
12,2018-01-13,19.220833333333335
13,2018-01-14,19.629166666666666
14,2018-01-15,18.414583333333333
15,2018-01-16,17.945833333333333
16,2018-01-17,17.879166666666666
17,2018-01-18,19.114583333333332
18,2018-01-19,19.84375
19,2018-01-20,20.772916666666667
20,2018-01-21,21.379166666666666
21,2018-01-22,19.991666666666667
22,2018-01-23,20.825
23,2018-01-24,21.26595744680851
24,2018-01-25,20.456818181818182
25,2018-01-26,19.94468085106383
26,2018-01-27,21.139130434782608
27,2018-01-28,20.691111111111113
28,2018-01-29,21.53333333333333
29,2018-01-30,21.758695652173913
30,2018-01-31,21.85
31,2018-02-01,21.36818181818182
32,2018-02-02,20.33404255319149
33,2018-02-03,19.056250000000002
34,2018-02-04,20.79787234042553
35,2018-02-05,20.608333333333334
36,2018-02-06,21.091489361702127
37,2018-02-07,20.7625
38,2018-02-08,21.270833333333332
39,2018-02-09,20.419148936170213
40,2018-02-10,22.47083333333333
41,2018-02-11,20.883333333333333
42,2018-02-12,21.275000000000002
43,2018-02-13,21.170833333333334
44,2018-02-14,20.279166666666665
45,2018-02-15,20.770833333333332
46,2018-02-16,21.829166666666666
47,2018-02-17,22.2
48,2018-02-18,22.270833333333332
49,2018-02-19,22.212500000000002
50,2018-02-20,21.5625
51,2018-02-21,21.320833333333333
52,2018-02-22,20.608333333333334
53,2018-02-23,19.283333333333335
54,2018-02-24,19.787499999999998
55,2018-02-25,19.4875
56,2018-02-26,20.6625
57,2018-02-27,20.8875
58,2018-02-28,21.2375
59,2018-03-01,22.141666666666666
60,2018-03-02,21.245833333333334
61,2018-03-03,21.712500000000002
62,2018-03-04,21.337500000000002
63,2018-03-05,20.54375
64,2018-03-06,19.683333333333334
65,2018-03-07,21.922916666666666
66,2018-03-08,22.432608695652174
67,2018-03-09,22.520833333333332
68,2018-03-10,22.818749999999998
69,2018-03-11,22.891666666666666
70,2018-03-12,22.36888888888889
71,2018-03-13,21.215555555555557
72,2018-03-14,22.495833333333334
73,2018-03-15,19.629787234042553
74,2018-03-16,21.66875
75,2018-03-17,21.589583333333334
76,2018-03-18,20.39375
77,2018-03-19,19.679166666666667
78,2018-03-20,19.675
79,2018-03-21,20.641666666666666
80,2018-03-22,20.577083333333334
81,2018-03-23,20.395833333333332
82,2018-03-24,19.552083333333332
83,2018-03-25,19.252083333333335
84,2018-03-26,19.614583333333332
85,2018-03-27,20.160416666666666
86,2018-03-28,20.420833333333334
87,2018-03-29,19.025000000000002
88,2018-03-30,19.67659574468085
89,2018-03-31,19.160416666666666
90,2018-04-01,18.733333333333334
91,2018-04-02,18.317021276595746
92,2018-04-03,18.845833333333335
93,2018-04-04,19.45
94,2018-04-05,19.310416666666665
95,2018-04-06,18.070833333333333
96,2018-04-07,19.7375
97,2018-04-08,20.55625
98,2018-04-09,20.193617021276598
99,2018-04-10,18.864583333333332
100,2018-04-11,18.925
101,2018-04-12,18.539583333333333
102,2018-04-13,19.029166666666665
103,2018-04-14,19.329166666666666
104,2018-04-15,19.685416666666665
105,2018-04-16,20.175
106,2018-04-17,19.681250000000002
107,2018-04-18,20.360416666666666
108,2018-04-19,21.879166666666666
109,2018-04-20,21.075
110,2018-04-21,21.233333333333334
111,2018-04-22,20.404255319148938
112,2018-04-23,21.045833333333334
113,2018-04-24,20.83243243243243
114,2018-04-25,20.111428571428572
115,2018-04-26,20.142500000000002
116,2018-04-27,19.089583333333334
117,2018-04-28,18.762162162162163
118,2018-04-29,18.200000000000003
119,2018-04-30,20.1475
120,2018-05-01,19.645833333333332
121,2018-05-02,20.866666666666667
122,2018-05-03,20.141666666666666
123,2018-05-04,18.693749999999998
124,2018-05-05,18.45263157894737
125,2018-05-06,19.026666666666667
126,2018-05-07,18.8875
127,2018-05-08,18.585106382978722
128,2018-05-09,18.684444444444445
129,2018-05-10,18.868750000000002
130,2018-05-11,18.793333333333333
131,2018-05-12,19.59375
132,2018-05-13,18.766666666666666
133,2018-05-14,18.256249999999998
134,2018-05-15,18.806250000000002
135,2018-05-16,19.53617021276596
136,2018-05-17,20.925
137,2018-05-18,20.23125
138,2018-05-19,19.1375
139,2018-05-20,18.695833333333333
140,2018-05-21,18.931250000000002
141,2018-05-22,20.122916666666665
142,2018-05-23,20.385416666666668
143,2018-05-24,21.527083333333334
144,2018-05-25,21.808333333333334
145,2018-05-26,18.904166666666665
146,2018-05-27,20.318749999999998
147,2018-05-28,19.695833333333333
148,2018-05-29,20.745833333333334
149,2018-05-30,19.614583333333332
150,2018-05-31,21.320833333333333
151,2018-06-01,19.162499999999998
152,2018-06-02,20.520833333333332
153,2018-06-03,20.675
154,2018-06-04,21.712500000000002
155,2018-06-05,21.366666666666664
156,2018-06-06,21.279166666666665
157,2018-06-07,21.368750000000002
158,2018-06-08,22.15833333333333
159,2018-06-09,22.608333333333334
160,2018-06-10,21.420833333333334
161,2018-06-11,20.8
162,2018-06-12,21.006249999999998
163,2018-06-13,21.864583333333332
164,2018-06-14,19.631249999999998
165,2018-06-15,20.349999999999998
166,2018-06-16,21.65416666666667
167,2018-06-17,22.197916666666668
168,2018-06-18,21.97948717948718
169,2018-06-19,22.629166666666666
170,2018-06-20,20.472916666666666
171,2018-06-21,21.224999999999998
172,2018-06-22,20.977083333333333
173,2018-06-23,20.452083333333334
174,2018-06-24,20.047916666666666
175,2018-06-25,20.820833333333333
176,2018-06-26,19.427083333333332
177,2018-06-27,19.454166666666666
178,2018-06-28,19.329166666666666
179,2018-06-29,19.347916666666666
180,2018-06-30,18.900000000000002
181,2018-07-01,20.214583333333334
182,2018-07-02,19.210416666666667
183,2018-07-03,19.277083333333334
184,2018-07-04,21.40833333333333
185,2018-07-05,21.733333333333334
186,2018-07-06,21.075
187,2018-07-07,21.220833333333335
188,2018-07-08,21.945833333333336
189,2018-07-09,21.852083333333336
190,2018-07-10,21.662499999999998
191,2018-07-11,21.849999999999998
192,2018-07-12,21.943749999999998
193,2018-07-13,22.3
194,2018-07-14,22.34166666666667
195,2018-07-15,22.010416666666668
196,2018-07-16,21.902083333333334
197,2018-07-17,21.310416666666665
198,2018-07-18,21.2
199,2018-07-19,21.758333333333336
200,2018-07-20,20.366666666666667
201,2018-07-21,18.688888888888886
202,2018-07-22,19.854166666666668
203,2018-07-23,19.241666666666667
204,2018-07-24,19.125
205,2018-07-25,19.4375
206,2018-07-26,18.608333333333334
207,2018-07-27,18.295833333333334
208,2018-07-28,18.491666666666667
209,2018-07-29,19.279166666666665
210,2018-07-30,17.704166666666666
211,2018-07-31,17.091666666666665
212,2018-08-01,19.004166666666666
213,2018-08-02,19.1375
214,2018-08-03,18.099999999999998
215,2018-08-04,18.354166666666668
216,2018-08-05,17.33030303030303
217,2018-08-06,20.564583333333335
218,2018-08-07,21.9875
219,2018-08-08,22.09166666666667
220,2018-08-09,22.477083333333336
221,2018-08-10,21.84583333333333
222,2018-08-11,21.75208333333333
223,2018-08-12,20.58857142857143
224,2018-08-13,20.379166666666666
225,2018-08-14,15.9375
226,2018-08-15,17.775000000000002
227,2018-08-16,19.454166666666666
228,2018-08-17,21.454545454545453
229,2018-08-18,21.566666666666666
230,2018-08-19,21.15625
231,2018-08-20,22.05
232,2018-08-21,22.15833333333333
233,2018-08-22,22.59375
234,2018-08-23,21.760416666666668
235,2018-08-24,20.908333333333335
236,2018-08-25,22.50208333333333
237,2018-08-26,21.5625
238,2018-08-27,20.51875
239,2018-08-28,21.316666666666666
240,2018-08-29,21.568749999999998
241,2018-08-30,20.85625
242,2018-08-31,21.802083333333332
243,2018-09-01,22.06041666666667
244,2018-09-02,21.962500000000002
245,2018-09-03,20.683333333333334
246,2018-09-04,18.083333333333332
247,2018-09-05,18.6875
248,2018-09-06,19.145833333333332
249,2018-09-07,19.150000000000002
250,2018-09-08,20.564583333333335
251,2018-09-09,21.21875
252,2018-09-10,21.72083333333333
253,2018-09-11,21.368750000000002
254,2018-09-12,19.654166666666665
255,2018-09-13,18.404166666666665
256,2018-09-14,19.635416666666668
257,2018-09-15,18.256249999999998
258,2018-09-16,17.791666666666668
259,2018-09-17,20.591666666666665
260,2018-09-18,20.883333333333333
261,2018-09-19,21.170833333333334
262,2018-09-20,21.916666666666668
263,2018-09-21,22.758333333333336
264,2018-09-22,20.820833333333333
265,2018-09-23,21.93541666666667
266,2018-09-24,21.758333333333336
267,2018-09-25,21.864583333333332
268,2018-09-26,21.414583333333336
269,2018-09-27,18.564583333333335
270,2018-09-28,19.337500000000002
271,2018-09-29,19.179166666666667
272,2018-09-30,20.5625
273,2018-10-01,21.241666666666667
274,2018-10-02,20.1375
275,2018-10-03,18.885416666666668
276,2018-10-04,19.208333333333332
277,2018-10-05,19.270833333333332
278,2018-10-06,18.795833333333334
279,2018-10-07,19.645833333333332
280,2018-10-08,19.902083333333334
281,2018-10-09,18.116666666666667
282,2018-10-10,18.464583333333334
283,2018-10-11,19.368750000000002
284,2018-10-12,19.389583333333334
285,2018-10-13,20.529166666666665
286,2018-10-14,20.083333333333332
287,2018-10-15,20.787499999999998
288,2018-10-16,19.377083333333335
289,2018-10-17,19.675
290,2018-10-18,19.142553191489363
291,2018-10-19,20.197916666666668
292,2018-10-20,18.879166666666666
293,2018-10-21,17.870833333333334
294,2018-10-22,19.258333333333333
295,2018-10-23,19.533333333333335
296,2018-10-24,19.525000000000002
297,2018-10-25,19.991666666666667
298,2018-10-26,19.925
299,2018-10-27,21.210416666666667
300,2018-10-28,21.029166666666665
301,2018-10-29,20.104166666666668
302,2018-10-30,19.310416666666665
303,2018-10-31,20.695833333333333
304,2018-11-01,19.653488372093022
305,2018-11-02,18.150000000000002
306,2018-11-03,17.685416666666665
307,2018-11-04,18.45625
308,2018-11-05,18.224999999999998
309,2018-11-06,18.983333333333334
310,2018-11-07,19.983333333333334
311,2018-11-08,20.145833333333332
312,2018-11-09,19.879166666666666
313,2018-11-10,20.464583333333334
314,2018-11-11,20.752083333333335
315,2018-11-12,20.879166666666666
316,2018-11-13,20.222916666666666
317,2018-11-14,19.764583333333334
318,2018-11-15,20.243750000000002
319,2018-11-16,21.085416666666667
320,2018-11-17,20.962500000000002
321,2018-11-18,20.48723404255319
322,2018-11-19,20.397916666666667
323,2018-11-20,20.597916666666666
324,2018-11-21,20.229166666666668
325,2018-11-22,19.724999999999998
326,2018-11-23,19.852083333333333
327,2018-11-24,20.54375
328,2018-11-25,19.797916666666666
329,2018-11-26,19.110416666666666
330,2018-11-27,19.047916666666666
331,2018-11-28,18.939583333333335
332,2018-11-29,20.266666666666666
333,2018-11-30,19.764583333333334
334,2018-12-01,19.833333333333332
335,2018-12-02,20.022916666666667
336,2018-12-03,20.212500000000002
337,2018-12-04,20.327083333333334
338,2018-12-05,18.564583333333335
339,2018-12-06,19.610416666666666
340,2018-12-07,19.53125
341,2018-12-08,20.5
342,2018-12-09,20.704166666666666
343,2018-12-10,21.097916666666666
344,2018-12-11,20.441666666666666
345,2018-12-12,21.316666666666666
346,2018-12-13,20.995652173913044
347,2018-12-14,20.1875
348,2018-12-15,19.552083333333332
349,2018-12-16,21.135416666666668
350,2018-12-17,20.397916666666667
351,2018-12-18,20.45625
352,2018-12-19,21.46666666666667
353,2018-12-20,20.712500000000002
354,2018-12-21,19.977083333333333
355,2018-12-22,19.181250000000002
356,2018-12-23,20.318749999999998
357,2018-12-24,21.195833333333333
358,2018-12-25,21.7625
359,2018-12-26,21.425
360,2018-12-27,20.714583333333334
361,2018-12-28,21.16875
362,2018-12-29,20.777083333333334
363,2018-12-30,21.349999999999998
364,2018-12-31,21.520833333333332
365,2019-01-01,22.006249999999998
366,2019-01-02,21.639583333333334
367,2019-01-03,21.889583333333334
368,2019-01-04,22.172916666666666
369,2019-01-05,21.708333333333332
370,2019-01-06,20.977083333333333
371,2019-01-07,20.0
372,2019-01-08,19.341666666666665
373,2019-01-09,18.010416666666668
374,2019-01-10,18.697916666666668
375,2019-01-11,19.291666666666668
376,2019-01-12,19.3875
377,2019-01-13,19.54375
378,2019-01-14,19.01875
379,2019-01-15,20.322916666666668
380,2019-01-16,21.085416666666667
381,2019-01-17,19.572916666666668
382,2019-01-18,21.03125
383,2019-01-19,21.389583333333334
384,2019-01-20,21.412499999999998
385,2019-01-21,20.747916666666665
386,2019-01-22,22.058333333333334
387,2019-01-23,23.099999999999998
388,2019-01-24,22.758333333333336
389,2019-01-25,21.610416666666666
390,2019-01-26,22.1125
391,2019-01-27,21.395833333333332
392,2019-01-28,19.381249999999998
393,2019-01-29,20.529166666666665
394,2019-01-30,20.648936170212767
395,2019-01-31,20.822916666666668
396,2019-02-01,20.747916666666665
397,2019-02-02,20.797916666666666
398,2019-02-03,21.133333333333333
399,2019-02-04,21.347916666666666
400,2019-02-05,21.310416666666665
401,2019-02-06,21.254166666666666
402,2019-02-07,21.141666666666666
403,2019-02-08,20.8875
404,2019-02-09,20.485416666666666
405,2019-02-10,20.433333333333334
406,2019-02-11,21.989583333333332
407,2019-02-12,21.583333333333332
408,2019-02-13,22.797916666666666
409,2019-02-14,21.650000000000002
410,2019-02-15,22.183333333333334
411,2019-02-16,21.625
412,2019-02-17,21.091666666666665
413,2019-02-18,20.889583333333334
414,2019-02-19,19.129166666666666
415,2019-02-20,19.695833333333333
416,2019-02-21,21.639583333333334
417,2019-02-22,22.338297872340426
418,2019-02-23,20.820833333333333
419,2019-02-24,20.443749999999998
420,2019-02-25,20.947916666666668
421,2019-02-26,19.822916666666668
422,2019-02-27,18.20625
423,2019-02-28,19.520833333333332
424,2019-03-01,20.227083333333333
425,2019-03-02,20.183333333333334
426,2019-03-03,19.804166666666667
427,2019-03-04,20.370833333333334
428,2019-03-05,20.979166666666668
429,2019-03-06,21.412499999999998
430,2019-03-07,20.860416666666666
431,2019-03-08,21.02978723404255
432,2019-03-09,22.50208333333333
433,2019-03-10,20.764583333333334
434,2019-03-11,19.783333333333335
435,2019-03-12,20.462500000000002
436,2019-03-13,22.008333333333336
437,2019-03-14,21.135416666666668
438,2019-03-15,21.34166666666667
439,2019-03-16,21.47083333333333
440,2019-03-17,22.02916666666667
441,2019-03-18,20.572916666666668
442,2019-03-19,18.658333333333335
443,2019-03-20,19.558333333333334
444,2019-03-21,18.74255319148936
445,2019-03-22,18.91875
446,2019-03-23,20.193749999999998
447,2019-03-24,19.33095238095238
448,2019-03-25,19.173809523809524
449,2019-03-26,19.430232558139537
450,2019-03-27,20.75531914893617
451,2019-03-28,21.095
452,2019-03-29,18.94473684210526
453,2019-03-30,20.66190476190476
454,2019-03-31,21.570833333333336
455,2019-04-01,18.27741935483871
456,2019-04-02,19.183333333333334
457,2019-04-03,20.341666666666665
458,2019-04-04,19.818749999999998
459,2019-04-05,18.920833333333334
460,2019-04-06,19.202083333333334
461,2019-04-07,20.183333333333334
462,2019-04-08,20.560416666666665
463,2019-04-09,19.460416666666667
464,2019-04-10,19.558333333333334
465,2019-04-11,20.54375
466,2019-04-12,22.0125
467,2019-04-13,21.979166666666668
468,2019-04-14,20.522916666666667
469,2019-04-15,21.150000000000002
470,2019-04-16,21.964583333333334
471,2019-04-17,20.506249999999998
472,2019-04-18,19.67291666666667
473,2019-04-19,19.357446808510637
474,2019-04-20,19.960416666666667
475,2019-04-21,19.224999999999998
476,2019-04-22,19.645833333333332
477,2019-04-23,20.4375
478,2019-04-24,19.864583333333332
479,2019-04-25,19.808333333333334
480,2019-04-26,20.618750000000002
481,2019-04-27,21.270833333333332
482,2019-04-28,21.979166666666668
483,2019-04-29,22.125
484,2019-04-30,22.527083333333334
485,2019-05-01,22.84375
486,2019-05-02,22.231914893617024
487,2019-05-03,22.03191489361702
488,2019-05-04,21.683333333333334
489,2019-05-05,23.395833333333332
490,2019-05-06,23.376595744680852
491,2019-05-07,23.11111111111111
492,2019-05-08,18.517142857142858
493,2019-05-09,19.45531914893617
494,2019-05-10,20.159574468085108
495,2019-05-11,19.829166666666666
496,2019-05-12,20.989583333333332
497,2019-05-13,20.383333333333333
498,2019-05-14,20.777083333333334
499,2019-05-15,20.672916666666666
500,2019-05-16,19.789583333333333
501,2019-05-17,19.787499999999998
502,2019-05-18,19.645833333333332
503,2019-05-19,19.129166666666666
504,2019-05-20,20.285416666666666
505,2019-05-21,20.183333333333334
506,2019-05-22,19.24255319148936
507,2019-05-23,18.616666666666667
508,2019-05-24,20.097872340425532
509,2019-05-25,18.777083333333334
510,2019-05-26,20.504255319148935
511,2019-05-27,20.277083333333334
512,2019-05-28,19.110416666666666
513,2019-05-29,19.879166666666666
514,2019-05-30,18.604166666666668
515,2019-05-31,19.6875
516,2019-06-01,18.891666666666666
517,2019-06-02,19.747916666666665
518,2019-06-03,21.493617021276595
519,2019-06-04,22.55
520,2019-06-05,21.129166666666666
521,2019-06-06,20.150000000000002
522,2019-06-07,18.472916666666666
523,2019-06-08,20.861702127659573
524,2019-06-09,22.270833333333332
525,2019-06-10,21.347916666666666
526,2019-06-11,22.022916666666664
527,2019-06-12,20.814583333333335
528,2019-06-13,20.295833333333334
529,2019-06-14,21.251063829787235
530,2019-06-15,20.627083333333335
531,2019-06-16,21.831914893617018
532,2019-06-17,22.440425531914894
533,2019-06-18,23.01489361702128
534,2019-06-19,22.51875
535,2019-06-20,21.589583333333334
536,2019-06-21,22.08421052631579
537,2019-06-22,22.945652173913043
538,2019-06-23,21.83125
539,2019-06-24,20.870833333333334
540,2019-06-25,20.529166666666665
541,2019-06-26,22.642553191489363
542,2019-06-27,22.381249999999998
543,2019-06-28,22.647916666666664
544,2019-06-29,21.033333333333335
545,2019-06-30,21.48125
546,2019-07-01,20.662499999999998
547,2019-07-02,20.872916666666665
548,2019-07-03,20.118750000000002
549,2019-07-04,21.181250000000002
550,2019-07-05,20.566666666666666
551,2019-07-06,21.357446808510637
552,2019-07-07,22.008333333333336
553,2019-07-08,21.49791666666667
554,2019-07-09,20.5
555,2019-07-10,21.139583333333334
556,2019-07-11,21.047916666666666
557,2019-07-12,21.381249999999998
558,2019-07-13,20.039583333333333
559,2019-07-14,21.287499999999998
560,2019-07-15,19.785416666666666
561,2019-07-16,20.327083333333334
562,2019-07-17,22.09375
563,2019-07-18,23.02916666666667
564,2019-07-19,22.49791666666667
565,2019-07-20,22.487234042553194
566,2019-07-21,22.914583333333336
567,2019-07-22,21.222916666666666
568,2019-07-23,20.235416666666666
569,2019-07-24,20.275000000000002
570,2019-07-25,21.07872340425532
571,2019-07-26,20.883333333333333
572,2019-07-27,21.795833333333334
573,2019-07-28,21.43404255319149
574,2019-07-29,21.79787234042553
575,2019-07-30,22.21276595744681
576,2019-07-31,22.26875
577,2019-08-01,21.008888888888887
578,2019-08-02,21.130232558139536
579,2019-08-03,19.60731707317073
580,2019-08-04,22.214893617021275
581,2019-08-05,22.78333333333333
582,2019-08-06,22.085416666666664
583,2019-08-07,22.116666666666664
584,2019-08-08,22.5125
585,2019-08-09,22.597727272727273
586,2019-08-10,22.493750000000002
587,2019-08-11,23.229166666666668
588,2019-08-12,23.224999999999998
589,2019-08-13,23.020833333333332
590,2019-08-14,22.677083333333332
591,2019-08-15,21.766666666666666
592,2019-08-16,19.320833333333333
593,2019-08-17,19.733333333333334
594,2019-08-18,21.818749999999998
595,2019-08-19,22.4875
596,2019-08-20,21.914583333333336
597,2019-08-21,22.566666666666666
598,2019-08-22,21.84166666666667
599,2019-08-23,22.102083333333336
600,2019-08-24,22.317021276595746
601,2019-08-25,22.73125
602,2019-08-26,22.577083333333334
603,2019-08-27,23.28333333333333
604,2019-08-28,21.359574468085107
605,2019-08-29,22.183333333333334
606,2019-08-30,22.59375
607,2019-08-31,22.212500000000002
608,2019-09-01,22.243750000000002
609,2019-09-02,21.98125
610,2019-09-03,23.210638297872343
611,2019-09-04,22.864583333333332
612,2019-09-05,22.837500000000002
613,2019-09-06,20.289583333333333
614,2019-09-07,22.778723404255317
615,2019-09-08,22.363829787234042
616,2019-09-09,22.56808510638298
617,2019-09-10,23.193617021276594
618,2019-09-11,22.313953488372093
619,2019-09-12,22.092105263157894
620,2019-09-13,21.51025641025641
621,2019-09-14,22.616666666666664
622,2019-09-18,18.4875
623,2019-09-19,19.460416666666667
624,2019-09-20,19.845833333333335
625,2019-09-21,19.868750000000002
626,2019-09-22,20.625
627,2019-09-23,18.840425531914892
628,2019-09-24,19.727659574468085
629,2019-09-25,19.53125
630,2019-09-26,19.510416666666668
631,2019-09-27,21.460416666666664
632,2019-09-28,21.84166666666667
633,2019-09-29,20.683333333333334
634,2019-09-30,18.852083333333333
635,2019-10-01,20.09375
636,2019-10-02,20.466666666666665
637,2019-10-03,18.552083333333332
638,2019-10-04,20.193617021276598
639,2019-10-05,20.758333333333333
640,2019-10-06,19.745833333333334
641,2019-10-07,20.870833333333334
642,2019-10-08,20.18936170212766
643,2019-10-09,20.5125
644,2019-10-10,19.71489361702128
645,2019-10-11,19.685416666666665
646,2019-10-12,18.91276595744681
647,2019-10-13,19.636170212765958
648,2019-10-14,19.591666666666665
649,2019-10-15,20.77446808510638
650,2019-10-16,20.037499999999998
651,2019-10-17,19.458333333333332
652,2019-10-18,19.470833333333335
653,2019-10-19,18.58723404255319
654,2019-10-20,20.185106382978724
655,2019-10-21,18.64
656,2019-10-22,19.080434782608698
657,2019-10-23,19.117391304347827
658,2019-10-24,18.617391304347827
659,2019-10-25,19.066666666666666
660,2019-10-26,20.606976744186046
661,2019-10-27,20.113333333333333
662,2019-10-28,20.98125
663,2019-10-29,20.96808510638298
664,2019-10-30,20.273913043478263
665,2019-10-31,20.663829787234043
666,2019-11-01,19.895833333333332
667,2019-11-02,20.158333333333335
668,2019-11-03,19.316666666666666
669,2019-11-04,20.735416666666666
670,2019-11-05,20.53125
671,2019-11-06,21.585416666666664
672,2019-11-07,21.5
673,2019-11-08,20.662499999999998
674,2019-11-09,17.858695652173914
675,2019-11-10,19.23125
676,2019-11-11,20.395833333333332
677,2019-11-12,18.833333333333332
678,2019-11-13,17.872916666666665
679,2019-11-14,18.568749999999998
680,2019-11-15,19.082978723404256
681,2019-11-16,20.0531914893617
682,2019-11-17,20.1
683,2019-11-18,19.885106382978723
684,2019-11-19,18.95957446808511
685,2019-11-20,19.551063829787232
686,2019-11-21,19.587500000000002
687,2019-11-22,18.741666666666667
688,2019-11-23,18.733333333333334
689,2019-11-24,19.858333333333334
690,2019-11-25,21.45625
691,2019-11-26,22.022916666666664
692,2019-11-27,22.20625
693,2019-11-28,20.848936170212767
694,2019-11-29,19.7
695,2019-11-30,20.318749999999998
696,2019-12-01,21.6375
697,2019-12-02,21.5625
698,2019-12-03,20.104255319148937
699,2019-12-04,19.827659574468086
700,2019-12-05,21.09565217391304
701,2019-12-06,21.14
702,2019-12-07,18.48181818181818
703,2019-12-08,18.726086956521737
704,2019-12-09,20.477083333333333
705,2019-12-10,20.766666666666666
706,2019-12-11,20.095833333333335
707,2019-12-12,19.685416666666665
708,2019-12-13,19.10625
709,2019-12-14,18.902083333333334
710,2019-12-15,19.485416666666666
711,2019-12-16,20.96875
712,2019-12-17,20.295833333333334
713,2019-12-18,19.979166666666668
714,2019-12-19,21.295833333333334
715,2019-12-20,21.616666666666664
716,2019-12-21,21.47021276595745
717,2019-12-22,21.41063829787234
718,2019-12-23,21.558333333333334
719,2019-12-24,22.210416666666664
720,2019-12-25,21.943749999999998
721,2019-12-26,22.010416666666668
722,2019-12-27,21.214583333333334
723,2019-12-28,21.819148936170212
724,2019-12-29,20.306250000000002
725,2019-12-30,20.151063829787233
726,2019-12-31,18.604166666666668
727,2020-01-01,19.660416666666666
728,2020-01-02,20.865957446808512
729,2020-01-03,21.068749999999998
730,2020-01-04,20.54375
731,2020-01-05,19.91063829787234
732,2020-01-06,19.6125
733,2020-01-07,19.758333333333333
734,2020-01-08,20.164583333333333
735,2020-01-09,20.633333333333333
736,2020-01-10,21.380851063829788
737,2020-01-11,20.46818181818182
738,2020-01-12,20.860416666666666
739,2020-01-13,21.706382978723404
740,2020-01-14,22.35531914893617
741,2020-01-15,21.04468085106383
742,2020-01-16,21.9975
743,2020-01-17,22.512820512820515
744,2020-01-18,23.65869565217391
745,2020-01-19,22.72083333333333
746,2020-01-20,20.76382978723404
747,2020-01-21,20.114285714285714
748,2020-01-22,17.829166666666666
749,2020-01-23,19.4875
750,2020-01-24,20.485416666666666
751,2020-01-25,21.645833333333332
752,2020-01-26,20.516666666666666
753,2020-01-27,19.876595744680852
754,2020-01-28,19.681250000000002
755,2020-01-29,20.433333333333334
756,2020-01-30,20.610416666666666
757,2020-01-31,22.51875
758,2020-02-01,22.922916666666666
759,2020-02-02,20.54468085106383
760,2020-02-03,22.245833333333334
761,2020-02-04,22.506382978723405
762,2020-02-05,21.421739130434784
763,2020-02-06,21.591489361702127
764,2020-02-07,20.734883720930235
765,2020-02-08,21.64375
766,2020-02-09,20.927083333333332
767,2020-02-10,22.10487804878049
768,2020-02-11,22.997826086956525
769,2020-02-12,22.472916666666666
770,2020-02-13,22.233333333333334
771,2020-02-14,21.640425531914893
772,2020-02-15,21.431250000000002
773,2020-02-16,22.527083333333334
774,2020-02-17,22.970212765957445
775,2020-02-18,23.983333333333334
776,2020-02-19,23.59583333333333
777,2020-02-20,22.1468085106383
778,2020-02-21,20.42608695652174
779,2020-02-22,19.788888888888888
780,2020-02-23,20.883333333333333
781,2020-02-24,21.21794871794872
782,2020-02-25,21.691891891891892
783,2020-02-26,21.204347826086956
784,2020-02-27,20.23617021276596
785,2020-02-28,20.733333333333334
786,2020-02-29,21.654545454545453
787,2020-03-01,21.806250000000002
788,2020-03-02,22.181250000000002
789,2020-03-03,22.81041666666667
790,2020-03-04,22.233333333333334
791,2020-03-05,23.03333333333333
792,2020-03-06,23.15833333333333
793,2020-03-07,21.212500000000002
794,2020-03-08,21.410416666666666
795,2020-03-09,22.227083333333336
796,2020-03-10,20.347916666666666
797,2020-03-11,19.614583333333332
798,2020-03-12,21.2
799,2020-03-13,21.020833333333332
800,2020-03-14,20.76875
801,2020-03-15,20.960416666666667
802,2020-03-16,21.43191489361702
803,2020-03-17,21.10625
804,2020-03-18,21.18723404255319
805,2020-03-19,21.54042553191489
806,2020-03-20,19.912499999999998
807,2020-03-21,19.04042553191489
808,2020-03-22,20.50952380952381
809,2020-03-23,22.04594594594595
810,2020-03-24,19.77173913043478
811,2020-03-25,20.578048780487805
812,2020-03-26,22.1525
813,2020-03-27,21.4375
814,2020-03-28,22.12222222222222
815,2020-03-29,21.766666666666666
816,2020-03-30,22.108333333333334
817,2020-03-31,21.945
818,2020-04-01,20.8625
819,2020-04-02,23.38695652173913
820,2020-04-03,24.345454545454547
821,2020-04-04,24.038888888888888
822,2020-04-05,21.55
823,2020-04-06,23.708695652173912
824,2020-04-07,24.9
825,2020-04-08,25.86923076923077
826,2020-04-09,23.175
827,2020-04-10,23.347826086956523
828,2020-04-11,22.349999999999998
829,2020-04-12,22.95
830,2020-04-13,21.483333333333334
831,2020-04-14,21.608333333333334
832,2020-04-15,21.391666666666666
833,2020-04-16,22.075
834,2020-04-17,21.708695652173912
835,2020-04-18,20.933333333333334
836,2020-04-19,20.845833333333335
837,2020-04-20,21.982608695652175
838,2020-04-21,20.783333333333335
839,2020-04-22,21.224999999999998
840,2020-04-23,21.704166666666666
841,2020-04-24,22.03333333333333
842,2020-04-25,22.349999999999998
843,2020-04-26,23.36666666666667
844,2020-04-27,23.587500000000002
845,2020-04-28,23.329166666666666
846,2020-04-29,23.474999999999998
847,2020-04-30,22.483333333333334
848,2020-05-01,22.4375
849,2020-05-02,23.804347826086957
850,2020-05-03,23.558333333333334
851,2020-05-04,24.721739130434784
852,2020-05-05,24.304166666666664
853,2020-05-06,24.349999999999998
854,2020-05-07,24.70434782608696
855,2020-05-08,24.44782608695652
856,2020-05-09,25.983333333333334
857,2020-05-10,25.195833333333336
858,2020-05-11,23.871428571428574
859,2020-05-12,23.641666666666666
860,2020-05-13,22.254166666666666
861,2020-05-14,23.08695652173913
862,2020-05-15,23.613636363636363
863,2020-05-16,23.947619047619046
864,2020-05-17,24.47391304347826
865,2020-05-18,23.681818181818183
866,2020-05-19,20.772727272727273
867,2020-05-20,23.670833333333334
868,2020-05-21,25.695
869,2020-05-22,22.1375
870,2020-05-23,24.0625
871,2020-05-24,25.025000000000002
872,2020-05-25,24.958333333333332
873,2020-05-26,25.1875
874,2020-05-27,21.983333333333334
875,2020-05-28,20.479166666666668
876,2020-05-29,20.679166666666667
877,2020-05-30,19.875
878,2020-05-31,20.429166666666667
879,2020-06-01,21.729166666666668
880,2020-06-02,22.308333333333334
881,2020-06-03,19.095833333333335
882,2020-06-04,22.974999999999998
883,2020-06-05,23.46666666666667
884,2020-06-06,22.025000000000002
885,2020-06-07,23.65416666666667
886,2020-06-08,23.84583333333333
887,2020-06-09,21.9875
888,2020-06-10,20.518181818181816
889,2020-06-11,21.0125
890,2020-06-12,20.2375
891,2020-06-13,22.45
892,2020-06-14,23.343478260869563
893,2020-06-15,20.45
894,2020-06-16,22.130434782608695
895,2020-06-17,20.412499999999998
896,2020-06-18,20.791304347826088
897,2020-06-19,21.956521739130434
898,2020-06-20,22.13478260869565
899,2020-06-21,22.195833333333336
900,2020-06-22,22.891304347826086
901,2020-06-23,23.052380952380954
902,2020-06-24,22.808695652173913
903,2020-06-25,23.34
904,2020-06-26,21.85909090909091
905,2020-06-27,22.141666666666666
906,2020-06-28,20.679166666666667
907,2020-06-29,21.795454545454547
908,2020-06-30,21.938095238095237
909,2020-07-01,21.554166666666664
910,2020-07-02,21.672727272727272
911,2020-07-03,22.504166666666666
912,2020-07-04,21.305882352941175
913,2020-07-05,19.879166666666666
914,2020-07-06,21.075
915,2020-07-07,21.041666666666668
916,2020-07-08,21.075
917,2020-07-09,21.808333333333334
918,2020-07-10,21.930434782608696
919,2020-07-11,20.28181818181818
920,2020-07-12,20.633333333333333
921,2020-07-13,22.383333333333336
922,2020-07-14,21.608695652173914
923,2020-07-15,21.96666666666667
924,2020-07-16,21.566666666666666
925,2020-07-17,23.433333333333334
926,2020-07-18,23.670833333333334
927,2020-07-19,24.1125
928,2020-07-20,23.460869565217394
929,2020-07-21,22.791666666666668
930,2020-07-22,21.366666666666664
931,2020-07-23,20.054166666666667
932,2020-07-24,19.266666666666666
933,2020-07-25,19.525000000000002
934,2020-07-26,21.429166666666664
935,2020-07-27,21.708333333333332
936,2020-07-28,22.633333333333336
937,2020-07-29,23.233333333333334
938,2020-07-30,21.129166666666666
939,2020-07-31,22.670833333333334
940,2020-08-01,23.47083333333333
941,2020-08-02,23.575
942,2020-08-03,23.208333333333332
943,2020-08-04,23.962500000000002
944,2020-08-05,23.20434782608696
945,2020-08-06,23.09166666666667
946,2020-08-07,23.61304347826087
947,2020-08-08,24.45
948,2020-08-09,24.445833333333336
949,2020-08-10,24.229166666666668
950,2020-08-11,23.354166666666668
951,2020-08-12,23.09166666666667
952,2020-08-13,22.481818181818184
953,2020-08-14,20.583333333333332
954,2020-08-15,21.099999999999998
955,2020-08-16,22.400000000000002
956,2020-08-17,21.655
957,2020-08-18,22.170833333333334
958,2020-08-19,21.425
959,2020-08-20,21.929166666666664
960,2020-08-21,21.920833333333334
961,2020-08-22,20.583333333333332
962,2020-08-23,21.104166666666668
963,2020-08-24,20.920833333333334
964,2020-08-25,20.791666666666668
965,2020-08-26,20.679166666666667
966,2020-08-27,21.482608695652175
967,2020-08-28,22.883333333333336
968,2020-08-29,21.766666666666666
969,2020-08-30,20.504166666666666
970,2020-08-31,20.608333333333334
971,2020-09-01,20.900000000000002
972,2020-09-02,20.054166666666667
973,2020-09-03,20.4875
974,2020-09-04,21.38695652173913
975,2020-09-05,23.40833333333333
976,2020-09-06,22.075
977,2020-09-07,20.90869565217391
978,2020-09-08,19.56
979,2020-09-09,20.191304347826087
980,2020-09-10,23.035
981,2020-09-11,22.375
982,2020-09-12,21.55
983,2020-09-13,22.933333333333334
984,2020-09-14,23.130434782608695
985,2020-09-15,22.025000000000002
986,2020-09-16,20.256521739130434
987,2020-09-17,20.978947368421053
988,2020-09-18,20.021052631578947
989,2020-09-19,21.004166666666666
990,2020-09-20,20.55
991,2020-09-21,20.230434782608697
992,2020-09-22,22.829166666666666
993,2020-09-23,21.616666666666667
994,2020-09-24,21.423529411764704
995,2020-09-25,22.991666666666664
996,2020-09-26,21.095454545454547
997,2020-09-27,21.354545454545455
998,2020-09-28,23.930769230769233
999,2020-09-29,20.929411764705883
1000,2020-09-30,19.926666666666666
1001,2020-10-01,22.052380952380954
1002,2020-10-02,20.175
1003,2020-10-03,20.037499999999998
1004,2020-10-04,20.045833333333334
1005,2020-10-05,20.3125
1006,2020-10-06,20.95416666666667
1007,2020-10-07,22.557894736842105
1008,2020-10-12,21.06153846153846
1009,2020-10-13,19.554166666666667
1010,2020-10-14,21.604166666666668
1011,2020-10-15,22.40833333333333
1012,2020-10-16,23.349999999999998
1013,2020-10-17,22.55217391304348
1014,2020-10-18,21.462500000000002
1015,2020-10-19,19.730434782608697
1016,2020-10-20,21.4875
1017,2020-10-21,22.474999999999998
1018,2020-10-22,21.522222222222222
1019,2020-10-23,22.099999999999998
1020,2020-10-24,20.370833333333334
1021,2020-10-25,20.233333333333334
1022,2020-10-26,21.829166666666666
1023,2020-10-27,21.925
1024,2020-10-28,21.195652173913043
1025,2020-10-29,19.916666666666668
1026,2020-10-30,21.16923076923077
1027,2020-10-31,20.35217391304348
1028,2020-11-01,20.786956521739132
1029,2020-11-02,22.02857142857143
1030,2020-11-03,21.458333333333332
1031,2020-11-04,21.40416666666667
1032,2020-11-05,21.2
1033,2020-11-06,21.099999999999998
1034,2020-11-07,21.7
1035,2020-11-08,20.808333333333334
1036,2020-11-09,20.191666666666666
1037,2020-11-10,20.7
1038,2020-11-11,19.55
1039,2020-11-13,20.325
1040,2020-11-14,20.125
1041,2020-11-15,20.7625
1042,2020-11-16,20.854166666666668
1043,2020-11-17,19.404166666666665
1044,2020-11-18,20.408333333333335
1045,2020-11-19,21.320833333333333
1046,2020-11-20,20.456521739130434
1047,2020-11-21,21.379166666666666
1048,2020-11-22,21.870833333333334
1049,2020-11-23,22.065217391304348
1050,2020-11-24,22.213043478260868
1051,2020-11-25,22.53333333333333
1052,2020-11-26,21.754166666666666
1053,2020-11-27,20.945833333333333
1054,2020-11-28,19.466666666666665
1055,2020-11-29,21.40434782608696
1056,2020-11-30,21.154166666666665
1057,2020-12-01,20.90869565217391
1058,2020-12-02,20.2375
1059,2020-12-03,21.029166666666665
1060,2020-12-04,21.90416666666667
1061,2020-12-05,22.6125
1062,2020-12-06,22.679166666666664
1063,2020-12-07,21.958333333333332
1064,2020-12-08,22.15416666666667
1065,2020-12-09,21.208333333333332
1066,2020-12-10,22.058333333333334
1067,2020-12-11,22.16086956521739
1068,2020-12-12,21.92105263157895
1069,2020-12-13,21.45
1070,2020-12-14,23.05
1071,2020-12-15,22.349999999999998
1072,2020-12-16,22.6
1073,2020-12-17,21.73913043478261
1074,2020-12-18,20.583333333333332
1075,2020-12-19,21.7
1076,2020-12-20,21.333333333333332
1077,2020-12-21,23.288235294117644
1078,2020-12-22,21.525000000000002
1079,2020-12-23,22.395833333333332
1080,2020-12-24,21.45
1081,2020-12-25,20.020833333333332
1082,2020-12-26,20.027272727272727
1083,2020-12-27,18.93076923076923
1084,2020-12-28,22.049999999999997
1085,2020-12-29,21.070833333333333
1086,2020-12-30,21.02173913043478
1087,2020-12-31,21.633333333333336
1088,2021-01-01,20.766666666666666
1089,2021-01-02,21.240909090909092
1090,2021-01-03,21.813636363636363
1091,2021-01-04,18.87272727272727
1092,2021-01-09,20.821739130434782
1093,2021-01-10,21.695652173913043
1094,2021-01-11,21.114285714285717
1095,2021-01-12,22.35238095238095
1096,2021-01-13,22.49230769230769
1097,2021-01-14,22.18
1098,2021-01-15,23.357894736842105
1099,2021-01-16,21.599999999999998
1100,2021-01-17,22.433333333333334
1101,2021-01-18,22.66
1102,2021-01-19,21.704761904761906
1103,2021-01-20,21.583333333333332
1104,2021-01-21,22.337500000000002
1105,2021-01-22,22.516666666666666
1106,2021-01-23,21.952173913043477
1107,2021-01-24,21.391666666666666
1108,2021-01-25,23.765
1109,2021-01-26,21.900000000000002
1110,2021-01-27,22.425
1111,2021-01-28,22.434782608695652
1112,2021-01-29,22.204166666666666
1113,2021-01-30,23.013636363636365
1114,2021-01-31,21.62857142857143
1115,2021-02-01,25.28125
1116,2021-02-02,23.62173913043478
1117,2021-02-03,22.866666666666664
1118,2021-02-04,23.974999999999998
1119,2021-02-05,23.03478260869565
1120,2021-02-06,21.314285714285713
1121,2021-02-07,23.44782608695652
1122,2021-02-08,22.808333333333334
1123,2021-02-09,21.922727272727272
1124,2021-02-10,21.837500000000002
1125,2021-02-11,21.83913043478261
1126,2021-02-12,21.97083333333333
1127,2021-02-13,21.481818181818184
1128,2021-02-14,21.282608695652176
1129,2021-02-15,22.2
1130,2021-02-16,22.333333333333332
1131,2021-02-17,21.656521739130437
1132,2021-02-18,20.33913043478261
1133,2021-02-19,20.183333333333334
1134,2021-02-20,19.49411764705882
1135,2021-02-21,19.4
1136,2021-02-22,22.28235294117647
1137,2021-02-23,20.4375
1138,2021-02-24,21.973333333333336
1139,2021-02-25,24.441666666666666
1140,2021-02-26,21.049999999999997
1141,2021-02-27,22.675
1142,2021-02-28,20.75714285714286
1143,2021-03-01,21.06
1144,2021-03-02,21.45294117647059
1145,2021-03-03,19.954545454545453
1146,2021-03-04,20.7
1147,2021-03-05,20.789473684210527
1148,2021-03-06,21.723809523809525
1149,2021-03-07,21.219047619047622
1150,2021-03-09,21.4625
1151,2021-03-10,20.669565217391302
1152,2021-03-11,19.86521739130435
1153,2021-03-12,17.94736842105263
1154,2021-03-13,20.594117647058823
1155,2021-03-14,20.942105263157895
1156,2021-03-15,19.94782608695652
1157,2021-03-16,18.883333333333333
1158,2021-03-17,19.39375
1159,2021-03-18,19.490909090909092
1160,2021-03-19,20.445
1161,2021-03-20,19.16086956521739
1162,2021-03-21,20.62608695652174
1163,2021-03-22,18.795454545454547
1164,2021-03-23,20.022727272727273
1165,2021-03-24,19.746153846153845
1166,2021-03-25,22.044444444444444
1167,2021-03-26,21.404761904761905
1168,2021-03-27,20.900000000000002
1169,2021-03-28,21.525
1170,2021-03-29,22.776190476190475
1171,2021-03-30,22.15625
1172,2021-03-31,23.6
1173,2021-04-01,21.616666666666667
1174,2021-04-02,20.285714285714285
1175,2021-04-03,20.599999999999998
1176,2021-04-04,22.00625
1177,2021-04-05,21.081818181818182
1178,2021-04-06,18.772727272727273
1179,2021-04-07,21.876190476190477
1180,2021-04-08,22.85
1181,2021-04-09,19.07
1182,2021-04-10,21.721739130434784
1183,2021-04-11,22.46666666666667
1184,2021-04-12,23.125
1185,2021-04-13,23.421739130434784
1186,2021-04-14,22.59
1187,2021-04-15,22.13684210526316
1188,2021-04-16,21.3625
1189,2021-04-17,21.771428571428572
1190,2021-04-18,20.6
1191,2021-04-22,27.0
1192,2021-05-04,16.2
1193,2021-05-06,19.0
1194,2021-05-07,19.8
1195,2021-05-12,28.3
1196,2021-05-15,19.166666666666668
1197,2021-05-16,21.770833333333332
1198,2021-05-17,20.883333333333333
1199,2021-05-18,19.825
1200,2021-05-19,22.039130434782606
1201,2021-05-20,23.579166666666666
1202,2021-05-21,22.433333333333334
1203,2021-05-22,22.666666666666668
1204,2021-05-23,22.650000000000002
1205,2021-05-24,22.516666666666666
1206,2021-05-25,22.441666666666666
1207,2021-05-26,21.349999999999998
1208,2021-05-27,20.879166666666666
1209,2021-05-28,20.787499999999998
1210,2021-05-29,20.470833333333335
1211,2021-05-30,21.183333333333334
1212,2021-05-31,21.5
1213,2021-06-01,19.9375
1214,2021-06-02,21.458333333333332
1215,2021-06-03,22.733333333333334
1216,2021-06-04,22.379166666666666
1217,2021-06-05,22.71666666666667
1218,2021-06-06,21.958333333333332
1219,2021-06-07,20.429166666666667
1220,2021-06-08,19.704545454545453
1221,2021-06-09,21.233333333333334
1222,2021-06-10,21.55
1223,2021-06-11,21.808333333333334
1224,2021-06-12,20.016666666666666
1225,2021-06-13,20.470833333333335
1226,2021-06-14,20.295833333333334
1227,2021-06-15,20.995833333333334
1228,2021-06-16,21.808333333333334
1229,2021-06-17,22.3125
1230,2021-06-18,22.59583333333333
1231,2021-06-19,22.270833333333332
1232,2021-06-20,21.337500000000002
1233,2021-06-21,21.141666666666666
1234,2021-06-22,19.9875
1235,2021-06-23,21.412499999999998
1236,2021-06-24,20.308333333333334
1237,2021-06-25,20.779166666666665
1238,2021-06-26,20.2375
1239,2021-06-27,20.304166666666667
1240,2021-06-28,21.712500000000002
1241,2021-06-29,22.416666666666668
1242,2021-06-30,21.9875
1243,2021-07-01,21.270833333333332
1244,2021-07-02,21.879166666666666
1245,2021-07-03,22.620833333333334
1246,2021-07-04,22.662499999999998
1247,2021-07-05,22.4875
1248,2021-07-06,23.212500000000002
1249,2021-07-07,23.843478260869563
1250,2021-07-08,23.72083333333333
1251,2021-07-09,21.979166666666668
1252,2021-07-10,21.212500000000002
1253,2021-07-11,21.708333333333332
1254,2021-07-12,22.90416666666667
1255,2021-07-13,22.4875
1256,2021-07-14,23.183333333333334
1257,2021-07-15,23.77391304347826
1258,2021-07-16,21.84166666666667
1259,2021-07-17,22.25
1260,2021-07-18,22.2625
1261,2021-07-19,23.730434782608693
1262,2021-07-20,23.275000000000002
1263,2021-07-21,23.675
1264,2021-07-22,23.483333333333334
1265,2021-07-23,24.224999999999998
1266,2021-07-24,21.091666666666665
1267,2021-07-25,19.495833333333334
1268,2021-07-26,21.46666666666667
1269,2021-07-27,19.570833333333333
1270,2021-07-28,21.991304347826087
1271,2021-07-29,21.0125
1272,2021-07-30,23.141666666666666
1273,2021-07-31,24.11304347826087
1274,2021-08-01,23.495652173913044
1275,2021-08-02,23.704166666666666
1276,2021-08-03,21.2875
1277,2021-08-04,22.525000000000002
1278,2021-08-05,23.275000000000002
1279,2021-08-06,23.075
1280,2021-08-07,22.416666666666668
1281,2021-08-08,21.87391304347826
1282,2021-08-09,23.0
1283,2021-08-10,21.59130434782609
1284,2021-08-11,21.8625
1285,2021-08-12,20.962500000000002
1286,2021-08-13,21.32608695652174
1287,2021-08-15,19.676190476190477
1288,2021-08-16,19.1625
1289,2021-08-17,20.80526315789474
1290,2021-08-19,20.477272727272727
1291,2021-08-21,21.0
1292,2021-08-22,22.98181818181818
1293,2021-08-23,21.63809523809524
1294,2021-08-24,21.7
1295,2021-08-25,19.76086956521739
1296,2021-08-26,20.847826086956523
1297,2021-08-27,22.008695652173913
1298,2021-08-28,21.44090909090909
1299,2021-08-29,21.858333333333334
1300,2021-08-30,19.895833333333332
1301,2021-08-31,19.529166666666665
1302,2021-09-01,19.16923076923077
1303,2021-09-02,22.53478260869565
1304,2021-09-03,22.929166666666664
1305,2021-09-04,21.729166666666668
1306,2021-09-05,20.41304347826087
1307,2021-09-06,20.020833333333332
1308,2021-09-07,20.183333333333334
1309,2021-09-08,19.145833333333332
1310,2021-09-09,22.175
1311,2021-09-10,22.974999999999998
1312,2021-09-11,20.8
1313,2021-09-12,21.6375
1314,2021-09-13,22.608333333333334
1315,2021-09-14,22.275000000000002
1316,2021-09-15,21.883333333333333
1317,2021-09-16,23.558333333333334
1318,2021-09-17,24.888235294117646
1319,2021-09-18,23.76086956521739
1320,2021-09-19,21.75
1321,2021-09-20,22.416666666666668
1322,2021-09-21,21.154166666666665
1323,2021-09-22,20.582608695652173
1324,2021-09-23,19.582608695652173
1325,2021-09-24,21.900000000000002
1326,2021-09-25,23.28333333333333
1327,2021-09-26,23.3125
1328,2021-09-27,23.400000000000002
1329,2021-09-28,20.029166666666665
1330,2021-09-29,19.883333333333333
1331,2021-09-30,20.6875
1332,2021-10-01,20.1125
1333,2021-10-02,21.8
1334,2021-10-03,22.058333333333334
1335,2021-10-04,22.740909090909092
1336,2021-10-05,22.235
1337,2021-10-06,22.45294117647059
1338,2021-10-07,25.253333333333334
1339,2021-10-08,21.979166666666668
1340,2021-10-09,21.508333333333336
1341,2021-10-10,20.870833333333334
1342,2021-10-11,21.541666666666668
1343,2021-10-12,21.917391304347827
1344,2021-10-13,21.543478260869566
1345,2021-10-14,21.343478260869563
1346,2021-10-15,21.191666666666666
1347,2021-10-16,21.045833333333334
1348,2021-10-17,19.633333333333333
1349,2021-10-18,22.09583333333333
1350,2021-10-19,22.6875
1351,2021-10-20,21.358333333333334
1352,2021-10-21,21.008333333333333
1353,2021-10-22,20.287499999999998
1354,2021-10-23,20.166666666666668
1355,2021-10-24,21.058333333333334
1356,2021-10-25,21.816666666666666
1357,2021-10-26,21.158333333333335
1358,2021-10-27,19.895833333333332
1359,2021-10-28,20.520833333333332
1360,2021-10-29,20.020833333333332
1361,2021-10-30,20.5625
1362,2021-10-31,19.325
1363,2021-11-01,20.620833333333334
1364,2021-11-02,20.443478260869565
1365,2021-11-03,21.016666666666666
1366,2021-11-04,20.474999999999998
1367,2021-11-05,21.825
1368,2021-11-06,22.125
1369,2021-11-07,22.3625
1370,2021-11-08,21.033333333333335
1371,2021-11-09,19.8
1372,2021-11-10,19.85217391304348
1373,2021-11-11,21.216666666666665
1374,2021-11-12,21.65833333333333
1375,2021-11-13,20.462500000000002
1376,2021-11-14,20.417391304347827
1377,2021-11-15,19.941666666666666
1378,2021-11-16,22.37272727272727
1379,2021-11-17,22.133333333333336
1380,2021-11-18,22.25
1381,2021-11-19,21.099999999999998
1382,2021-11-20,20.421739130434784
1383,2021-11-21,20.3125
1384,2021-11-23,19.420833333333334
1385,2021-11-24,20.279166666666665
1386,2021-11-25,19.716666666666665
1387,2021-11-26,19.337500000000002
1388,2021-11-27,21.4875
1389,2021-11-28,22.004166666666666
1390,2021-11-29,21.554166666666664
1391,2021-11-30,20.870833333333334
1392,2021-12-01,20.645833333333332
1393,2021-12-02,22.287499999999998
1394,2021-12-03,21.820833333333336
1395,2021-12-04,21.820833333333336
1396,2021-12-06,22.620833333333334
1397,2021-12-07,23.0
1398,2021-12-08,22.5125
1399,2021-12-09,22.2625
1400,2021-12-10,21.962500000000002
1401,2021-12-11,21.333333333333332
1402,2021-12-12,20.1875
1403,2021-12-13,20.912499999999998
1404,2021-12-14,21.370833333333334
1405,2021-12-15,22.041666666666668
1406,2021-12-16,22.0
1407,2021-12-17,20.229166666666668
1408,2021-12-18,19.416666666666668
1409,2021-12-19,21.912499999999998
1410,2021-12-20,21.420833333333334
1411,2021-12-21,21.083333333333332
1412,2021-12-22,21.76521739130435
1413,2021-12-23,21.843478260869563
1414,2021-12-24,22.40833333333333
1415,2021-12-25,22.633333333333336
1416,2021-12-26,22.008333333333336
1417,2021-12-27,20.420833333333334
1418,2021-12-28,21.35217391304348
1419,2021-12-29,20.316666666666666
1420,2021-12-30,21.079166666666666
1421,2021-12-31,22.016666666666666
1422,2022-01-01,21.78333333333333
1423,2022-01-02,20.787499999999998
1424,2022-01-03,21.65416666666667
1425,2022-01-04,21.241666666666667
1426,2022-01-05,21.566666666666666
1427,2022-01-06,19.675
1428,2022-01-07,19.304166666666667
1429,2022-01-08,19.446153846153848
1430,2022-01-10,20.291666666666668
1431,2022-01-11,19.870833333333334
1432,2022-01-12,20.7
1433,2022-01-13,20.917391304347827
1434,2022-01-14,20.183333333333334
1435,2022-01-15,21.066666666666666
1436,2022-01-16,22.09583333333333
1437,2022-01-17,21.04736842105263
1438,2022-01-18,20.483333333333334
1439,2022-01-19,22.445454545454545
1440,2022-01-20,22.926086956521736
1441,2022-01-21,22.695652173913043
1442,2022-01-22,21.804166666666664
1443,2022-01-23,22.3125
1444,2022-01-24,21.991304347826087
1445,2022-01-25,20.904166666666665
1446,2022-01-26,21.043478260869566
1447,2022-01-27,21.143478260869564
1448,2022-01-28,21.77916666666667
1449,2022-01-29,21.175
1450,2022-01-30,20.875
1451,2022-01-31,20.883333333333333
1452,2022-02-01,21.520833333333332
1453,2022-02-02,22.25
1454,2022-02-03,22.175
1455,2022-02-04,20.845833333333335
1456,2022-02-05,20.2375
1457,2022-02-06,19.870833333333334
1458,2022-02-07,20.066666666666666
1459,2022-02-08,19.4875
1460,2022-02-09,19.066666666666666
1461,2022-02-10,20.82608695652174
1462,2022-02-11,22.066666666666666
1463,2022-02-12,22.395833333333332
1464,2022-02-13,21.25
1465,2022-02-14,20.645833333333332
1466,2022-02-15,21.4875
1467,2022-02-16,21.8625
1468,2022-02-17,22.204166666666666
1469,2022-02-18,19.3
1470,2022-02-19,19.766666666666666
1471,2022-02-20,20.116666666666667
1472,2022-02-21,20.5125
1473,2022-02-22,21.431578947368422
1474,2022-02-24,22.29
1475,2022-02-25,22.58095238095238
1476,2022-02-26,20.975
1477,2022-02-27,20.93125
1478,2022-02-28,19.708333333333332
1479,2022-03-01,21.224999999999998
1480,2022-03-02,19.720833333333335
1481,2022-03-03,21.162499999999998
1482,2022-03-04,20.125
1483,2022-03-06,18.6875
1484,2022-03-07,20.325
1485,2022-03-08,20.870833333333334
1486,2022-03-09,17.875
1487,2022-03-18,20.26923076923077
1488,2022-03-21,21.182608695652174
1489,2022-03-22,21.308333333333334
1490,2022-03-23,21.400000000000002
1491,2022-03-24,20.92142857142857
1492,2022-03-25,20.854166666666668
1493,2022-03-26,21.204347826086956
1494,2022-03-27,19.954166666666666
1495,2022-03-28,21.583333333333332
1496,2022-03-29,20.254166666666666
1497,2022-03-30,20.095833333333335
1498,2022-03-31,20.145833333333332
1499,2022-04-01,20.191666666666666
1500,2022-04-02,22.150000000000002
1501,2022-04-03,21.47083333333333
1502,2022-04-04,20.470833333333335
1503,2022-04-05,21.0625
1504,2022-04-06,21.808333333333334
1505,2022-04-07,20.783333333333335
1506,2022-04-08,21.120833333333334
1507,2022-04-09,22.270833333333332
1508,2022-04-10,21.816666666666666
1509,2022-04-11,22.830434782608698
1510,2022-04-12,23.954166666666666
1511,2022-04-13,22.895833333333332
1512,2022-04-14,22.895652173913046
1513,2022-04-15,23.370833333333334
1514,2022-04-16,21.645833333333332
1515,2022-04-17,21.266666666666666
1516,2022-04-18,19.941666666666666
1517,2022-04-19,19.704347826086956
1518,2022-04-20,19.491666666666667
1519,2022-04-21,20.483333333333334
1520,2022-04-22,20.287499999999998
1521,2022-04-23,21.270833333333332
1522,2022-04-24,20.974999999999998
1523,2022-04-25,20.025000000000002
1524,2022-04-26,20.25
1525,2022-04-27,20.616666666666667
1526,2022-04-28,20.900000000000002
1527,2022-04-29,22.400000000000002
1528,2022-04-30,21.858333333333334
1529,2022-05-01,23.675
1530,2022-05-02,23.05
1531,2022-05-03,24.400000000000002
1532,2022-05-04,23.84583333333333
1533,2022-05-05,21.40416666666667
1534,2022-05-06,20.45
1535,2022-05-07,19.641666666666666
1536,2022-05-08,21.170833333333334
1537,2022-05-09,20.849999999999998
1538,2022-05-11,20.491666666666667
1539,2022-05-12,21.920833333333334
1540,2022-05-13,20.433333333333334
1541,2022-05-15,23.554166666666664
1542,2022-05-16,21.6125
1543,2022-05-17,20.9375
1544,2022-05-18,20.841666666666665
1545,2022-05-19,21.075
1546,2022-05-20,19.009999999999998
1547,2022-05-22,20.804545454545455
1548,2022-05-23,21.7
1549,2022-05-24,21.1125
1550,2022-05-25,21.491666666666664
1551,2022-05-26,21.90833333333333
1552,2022-05-27,19.59
1553,2022-05-28,22.36521739130435
1554,2022-05-29,21.354166666666668
1555,2022-05-30,21.34583333333333
1556,2022-05-31,20.1875
1557,2022-06-01,20.712500000000002
1558,2022-06-02,19.883333333333333
1559,2022-06-03,18.793333333333333
1560,2022-06-04,19.670833333333334
1561,2022-06-05,19.575
1562,2022-06-06,19.916666666666668
1563,2022-06-07,18.575
1564,2022-06-08,19.641666666666666
1565,2022-06-09,20.349999999999998
1566,2022-06-10,21.220833333333335
1567,2022-06-11,19.787499999999998
1568,2022-06-12,20.32608695652174
1569,2022-06-13,21.429166666666664
1570,2022-06-14,19.8
1571,2022-06-15,19.969565217391306
1572,2022-06-16,21.075
1573,2022-06-17,19.557142857142857
1574,2022-06-18,19.808333333333334
1575,2022-06-19,20.08695652173913
1576,2022-06-20,20.620833333333334
1577,2022-06-21,20.7
1578,2022-06-22,21.45
1579,2022-06-23,21.712500000000002
1580,2022-06-24,21.787499999999998
1581,2022-06-25,20.36
1582,2022-06-26,19.245833333333334
1583,2022-06-27,19.416666666666668
1584,2022-06-28,20.104166666666668
1585,2022-06-29,20.758333333333333
1586,2022-06-30,20.641666666666666
1587,2022-07-01,19.10833333333333
1588,2022-07-02,21.33478260869565
1589,2022-07-04,22.170833333333334
1590,2022-07-05,19.3375
1591,2022-07-06,22.400000000000002
1592,2022-07-07,22.95
1593,2022-07-08,22.995833333333334
1594,2022-07-09,24.152173913043477
1595,2022-07-10,23.233333333333334
1596,2022-07-11,20.204166666666666
1597,2022-07-12,21.870833333333334
1598,2022-07-13,22.357894736842105
1599,2022-07-14,22.104166666666668
1600,2022-07-15,22.195833333333336
1601,2022-07-16,22.229166666666668
1602,2022-07-17,22.370833333333334
1603,2022-07-18,23.133333333333336
1604,2022-07-19,23.770833333333332
1605,2022-07-20,22.870833333333334
1606,2022-07-21,22.587500000000002
1607,2022-07-22,21.71578947368421
1608,2022-07-23,19.875
1609,2022-07-24,21.058333333333334
1610,2022-07-25,19.620833333333334
1611,2022-07-26,20.283333333333335
1612,2022-07-27,20.316666666666666
1613,2022-07-28,19.575
1614,2022-07-29,22.229166666666668
1615,2022-07-30,23.520833333333332
1616,2022-07-31,21.95
1617,2022-08-01,20.116666666666667
1618,2022-08-02,19.904166666666665
1619,2022-08-03,21.395833333333332
1620,2022-08-04,22.358333333333334
1621,2022-08-05,20.71764705882353
1622,2022-08-06,17.630000000000003
1623,2022-08-07,23.041666666666668
1624,2022-08-08,24.163636363636364
1625,2022-08-09,22.333333333333332
1626,2022-08-10,23.695833333333336
1627,2022-08-11,22.983333333333334
1628,2022-08-12,18.75
1629,2022-08-13,20.205882352941178
1630,2022-08-14,21.066666666666666
1631,2022-08-15,20.283333333333335
1632,2022-08-16,20.675
1633,2022-08-17,21.58
1634,2022-08-18,22.9875
1635,2022-08-19,23.94090909090909
1636,2022-08-21,18.59090909090909
1637,2022-08-22,18.416666666666668
1638,2022-08-23,21.925
1639,2022-08-24,21.164285714285715
1640,2022-08-25,22.55
1641,2022-08-26,21.454166666666666
1642,2022-08-27,19.740000000000002
1643,2022-08-28,20.400000000000002
1644,2022-08-29,20.900000000000002
1645,2022-08-30,22.754166666666666
1646,2022-08-31,21.554166666666664
1647,2022-09-01,18.919999999999998
1648,2022-09-02,21.320833333333333
1649,2022-09-03,21.87391304347826
1650,2022-09-04,20.204166666666666
1651,2022-09-05,22.34166666666667
1652,2022-09-06,23.02916666666667
1653,2022-09-07,22.16
1654,2022-09-08,21.625
1655,2022-09-09,21.3
1656,2022-09-10,21.47142857142857
1657,2022-09-11,23.020833333333332
1658,2022-09-12,20.8875
1659,2022-09-13,20.92
1660,2022-09-14,19.683333333333334
1661,2022-09-15,21.916666666666668
1662,2022-09-16,17.72
1663,2022-09-17,21.615000000000002
1664,2022-09-19,20.270833333333332
1665,2022-09-20,19.9625
1666,2022-09-21,17.7
1667,2022-09-22,19.016666666666666
1668,2022-09-23,18.30909090909091
1669,2022-09-24,19.845833333333335
1670,2022-09-25,20.141666666666666
1671,2022-09-26,22.1875
1672,2022-09-27,21.825
1673,2022-09-28,20.73888888888889
1674,2022-09-29,20.238095238095237
1675,2022-09-30,19.866666666666667
1676,2022-10-01,20.241666666666667
1677,2022-10-02,22.84583333333333
1678,2022-10-03,23.416666666666668
1679,2022-10-04,21.97083333333333
1680,2022-10-05,19.4
1681,2022-10-06,20.3875
1682,2022-10-07,20.9
1683,2022-10-08,20.150000000000002
1684,2022-10-09,19.900000000000002
1685,2022-10-10,21.6875
1686,2022-10-11,22.5
1687,2022-10-12,20.458333333333332
1688,2022-10-13,20.417391304347827
1689,2022-10-14,20.58
1690,2022-10-15,21.441666666666666
1691,2022-10-16,19.080000000000002
1692,2022-10-17,20.816666666666666
1693,2022-10-18,20.791666666666668
1694,2022-10-19,20.083333333333332
1695,2022-10-20,19.837500000000002
1696,2022-10-21,17.475
1697,2022-10-22,20.866666666666667
1698,2022-10-23,20.2625
1699,2022-10-24,19.67391304347826
1700,2022-10-25,21.366666666666664
1701,2022-10-26,20.3
1702,2022-10-27,20.945833333333333
1703,2022-10-28,19.1875
1704,2022-10-29,18.875
1705,2022-10-30,21.208333333333332
1706,2022-10-31,21.017391304347825
1707,2022-11-01,21.712500000000002
1708,2022-11-02,20.263636363636365
1709,2022-11-03,20.525000000000002
1710,2022-11-04,19.3
1711,2022-11-13,21.18
1712,2022-12-01,21.191666666666666
1713,2022-12-02,21.333333333333332
1714,2022-12-03,17.766666666666666
1715,2022-12-04,18.5
1716,2022-12-05,19.8125
1717,2022-12-06,20.358333333333334
1718,2022-12-07,17.633333333333333
1719,2022-12-14,20.728571428571428
1720,2022-12-15,22.34583333333333
1721,2022-12-16,19.7375
1722,2022-12-18,20.933333333333334
1723,2022-12-19,21.308333333333334
1724,2022-12-20,22.370833333333334
1725,2022-12-21,22.037499999999998
1726,2022-12-22,22.65833333333333
1727,2022-12-23,22.370833333333334
1728,2022-12-24,21.645833333333332
1729,2022-12-25,21.433333333333334
1730,2022-12-26,21.05
1731,2022-12-27,20.466666666666665
1732,2022-12-28,21.087500000000002
1733,2022-12-29,21.212500000000002
1734,2022-12-30,21.16521739130435
1735,2022-12-31,21.604166666666668
1736,2023-01-01,20.508333333333333
1737,2023-01-02,20.595833333333335
1738,2023-01-03,18.254166666666666
1739,2023-01-04,20.683333333333334
1740,2023-01-05,20.570833333333333
1741,2023-01-06,20.745833333333334
1742,2023-01-07,20.641666666666666
1743,2023-01-08,19.47391304347826
1744,2023-01-09,19.875
1745,2023-01-10,19.352173913043476
1746,2023-01-11,19.52608695652174
1747,2023-01-12,20.6
1748,2023-01-13,20.683333333333334
1749,2023-01-14,19.934782608695652
1750,2023-01-15,20.582608695652176
1751,2023-01-16,21.421739130434784
1752,2023-01-17,20.430434782608696
1753,2023-01-18,19.733333333333334
1754,2023-01-19,21.179166666666667
1755,2023-01-20,20.995833333333334
1756,2023-01-21,21.04090909090909
1757,2023-01-22,20.508333333333333
1758,2023-01-23,21.8625
1759,2023-01-24,22.145833333333332
1760,2023-01-25,22.369565217391305
1761,2023-01-26,22.745833333333334
1762,2023-01-27,22.47083333333333
1763,2023-01-28,22.25
1764,2023-01-29,21.977272727272727
1765,2023-01-30,22.25
1766,2023-01-31,21.791666666666668
1767,2023-02-01,20.761904761904763
1768,2023-02-02,21.40909090909091
1769,2023-02-03,21.220833333333335
1770,2023-02-04,21.01578947368421
1771,2023-02-05,23.099999999999998
1772,2023-02-06,22.522222222222222
1773,2023-02-07,22.370588235294118
1774,2023-02-08,22.9375
1775,2023-02-09,22.116666666666667
1776,2023-02-10,22.883333333333336
1777,2023-02-11,22.333333333333332
1778,2023-02-12,20.961111111111112
1779,2023-02-13,21.86470588235294
1780,2023-02-14,22.441176470588236
1781,2023-02-15,21.91111111111111
1782,2023-02-16,21.13888888888889
1783,2023-02-17,22.176470588235293
1784,2023-02-18,22.066666666666666
1785,2023-02-19,21.78421052631579
1786,2023-02-20,21.558823529411764
1787,2023-02-21,20.26111111111111
1788,2023-02-22,20.566666666666666
1789,2023-02-23,21.45714285714286
1790,2023-02-24,22.370833333333334
1791,2023-02-25,22.05
1792,2023-02-26,21.4875
1793,2023-02-27,22.712500000000002
1794,2023-02-28,24.179166666666664
1795,2023-03-01,23.945833333333336
1796,2023-03-02,23.629166666666666
1797,2023-03-03,24.004166666666666
1798,2023-03-04,23.317391304347826
1799,2023-03-05,21.34166666666667
1800,2023-03-06,21.52916666666667
1801,2023-03-07,20.966666666666665
1802,2023-03-08,19.495652173913044
1803,2023-03-09,19.033333333333335
1804,2023-03-10,20.808333333333334
1805,2023-03-11,19.5
1806,2023-03-12,19.504347826086956
1807,2023-03-13,19.417391304347827
1808,2023-03-14,20.5
1809,2023-03-15,20.114285714285717
1810,2023-03-16,20.191304347826087
1811,2023-03-17,20.76086956521739
1812,2023-03-18,20.656521739130437
1813,2023-03-19,20.233333333333334
1814,2023-03-20,21.462500000000002
1815,2023-03-21,21.639130434782608
1816,2023-03-22,20.854166666666668
1817,2023-03-23,21.645833333333332
1818,2023-03-24,21.224999999999998
1819,2023-03-25,20.866666666666667
1820,2023-03-26,21.433333333333334
1821,2023-03-27,20.454166666666666
1822,2023-03-28,20.675
1823,2023-03-29,20.666666666666668
1824,2023-03-30,21.979166666666668
1825,2023-03-31,21.9
1826,2023-04-01,22.6375
1827,2023-04-02,21.162499999999998
1828,2023-04-03,23.191666666666666
1829,2023-04-04,21.604166666666668
1830,2023-04-05,22.395833333333332
1831,2023-04-06,21.682608695652174
1832,2023-04-07,21.395833333333332
1833,2023-04-08,21.712500000000002
1834,2023-04-09,22.5
1835,2023-04-10,22.183333333333334
1836,2023-04-11,21.84166666666667
1837,2023-04-12,22.258333333333336
1838,2023-04-13,22.295833333333334
1839,2023-04-14,21.875
1840,2023-04-15,21.77916666666667
1841,2023-04-16,20.291666666666668
1842,2023-04-17,20.724999999999998
1843,2023-04-18,21.116666666666667
1844,2023-04-19,22.633333333333336
1845,2023-04-20,20.883333333333333
1846,2023-04-21,21.075
1847,2023-04-22,20.766666666666666
1848,2023-04-23,21.383333333333336
1849,2023-04-24,22.05
1850,2023-04-25,21.78333333333333
1851,2023-04-26,20.775000000000002
1852,2023-04-27,21.575
1853,2023-04-28,22.391666666666666
1854,2023-04-29,21.625
1855,2023-04-30,21.2125
1856,2023-05-01,23.565217391304348
1857,2023-05-02,24.233333333333334
1858,2023-05-03,24.1875
1859,2023-05-04,24.604166666666668
1860,2023-05-05,24.934782608695652
1861,2023-05-06,24.241666666666664
1862,2023-05-07,24.504166666666666
1863,2023-05-08,24.104347826086954
1864,2023-05-09,23.65833333333333
1865,2023-05-10,22.691666666666666
1866,2023-05-11,22.620833333333334
1867,2023-05-12,23.29565217391304
1868,2023-05-13,23.175
1869,2023-05-14,23.8
1870,2023-05-17,22.045833333333334
1871,2023-05-18,23.995833333333334
1872,2023-05-19,24.304166666666664
1873,2023-05-20,22.150000000000002
1874,2023-05-21,20.566666666666666
1875,2023-05-22,22.09166666666667
1876,2023-05-23,20.9875
1877,2023-05-24,22.025000000000002
1878,2023-05-25,21.59583333333333
1879,2023-05-26,19.870833333333334
1880,2023-05-27,21.2375
1881,2023-05-28,20.829166666666666
